"Entity","Code","Year","num_objects","lon","lat"
"Algeria","DZA",2002,1,2.63118841378347,28.0559934221189
"Algeria","DZA",2010,1,2.63118841378347,28.0559934221189
"Algeria","DZA",2016,3,2.63118841378347,28.0559934221189
"Algeria","DZA",2017,1,2.63118841378347,28.0559934221189
"Angola","AGO",2017,1,17.5317833661526,-12.2706139265484
"Angola","AGO",2022,1,17.5317833661526,-12.2706139265484
"Argentina","ARG",1990,1,-64.7626148939194,-34.6839876712258
"Argentina","ARG",1996,3,-64.7626148939194,-34.6839876712258
"Argentina","ARG",1997,1,-64.7626148939194,-34.6839876712258
"Argentina","ARG",1998,1,-64.7626148939194,-34.6839876712258
"Argentina","ARG",2000,2,-64.7626148939194,-34.6839876712258
"Argentina","ARG",2002,2,-64.7626148939194,-34.6839876712258
"Argentina","ARG",2007,1,-64.7626148939194,-34.6839876712258
"Argentina","ARG",2011,1,-64.7626148939194,-34.6839876712258
"Argentina","ARG",2013,2,-64.7626148939194,-34.6839876712258
"Argentina","ARG",2014,2,-64.7626148939194,-34.6839876712258
"Argentina","ARG",2015,1,-64.7626148939194,-34.6839876712258
"Argentina","ARG",2018,1,-64.7626148939194,-34.6839876712258
"Argentina","ARG",2020,1,-64.7626148939194,-34.6839876712258
"Argentina","ARG",2021,1,-64.7626148939194,-34.6839876712258
"Argentina","ARG",2022,1,-64.7626148939194,-34.6839876712258
"Argentina","ARG",2023,1,-64.7626148939194,-34.6839876712258
"Armenia","ARM",2022,1,44.9383118011334,40.2873277734289
"Australia","AUS",1967,1,134.303829123934,-25.7641815523079
"Australia","AUS",1970,1,134.303829123934,-25.7641815523079
"Australia","AUS",1985,2,134.303829123934,-25.7641815523079
"Australia","AUS",1987,1,134.303829123934,-25.7641815523079
"Australia","AUS",1990,1,134.303829123934,-25.7641815523079
"Australia","AUS",1992,2,134.303829123934,-25.7641815523079
"Australia","AUS",1994,1,134.303829123934,-25.7641815523079
"Australia","AUS",1998,1,134.303829123934,-25.7641815523079
"Australia","AUS",2002,1,134.303829123934,-25.7641815523079
"Australia","AUS",2003,1,134.303829123934,-25.7641815523079
"Australia","AUS",2006,1,134.303829123934,-25.7641815523079
"Australia","AUS",2007,1,134.303829123934,-25.7641815523079
"Australia","AUS",2009,1,134.303829123934,-25.7641815523079
"Australia","AUS",2014,1,134.303829123934,-25.7641815523079
"Australia","AUS",2015,1,134.303829123934,-25.7641815523079
"Australia","AUS",2016,1,134.303829123934,-25.7641815523079
"Australia","AUS",2017,1,134.303829123934,-25.7641815523079
"Australia","AUS",2018,6,134.303829123934,-25.7641815523079
"Australia","AUS",2019,1,134.303829123934,-25.7641815523079
"Australia","AUS",2020,3,134.303829123934,-25.7641815523079
"Australia","AUS",2021,8,134.303829123934,-25.7641815523079
"Australia","AUS",2023,10,134.303829123934,-25.7641815523079
"Austria","AUT",2013,2,14.1104300667048,47.5922934429587
"Austria","AUT",2017,1,14.1104300667048,47.5922934429587
"Azerbaijan","AZE",2013,1,47.5478416650239,40.2866618409577
"Azerbaijan","AZE",2014,1,47.5478416650239,40.2866618409577
"Azerbaijan","AZE",2018,1,47.5478416650239,40.2866618409577
"Bangladesh","BGD",2017,1,90.2471041151871,23.8606661365356
"Bangladesh","BGD",2018,1,90.2471041151871,23.8606661365356
"Belarus","BLR",2012,1,28.0149550948026,53.5195205570396
"Belarus","BLR",2016,1,28.0149550948026,53.5195205570396
"Belarus","BLR",2018,1,28.0149550948026,53.5195205570396
"Belarus","BLR",2023,1,28.0149550948026,53.5195205570396
"Belgium","BEL",2014,3,4.6459381947024,50.6388949631127
"Belgium","BEL",2016,1,4.6459381947024,50.6388949631127
"Belgium","BEL",2017,28,4.6459381947024,50.6388949631127
"Belgium","BEL",2020,3,4.6459381947024,50.6388949631127
"Belgium","BEL",2021,1,4.6459381947024,50.6388949631127
"Belgium","BEL",2023,3,4.6459381947024,50.6388949631127
"Bhutan","BTN",2018,1,90.4021595987124,27.4121377959391
"Bolivia","BOL",2013,1,-64.6984386196825,-16.6819842351508
"Brazil","BRA",1985,1,-53.2157339237413,-10.6390487673327
"Brazil","BRA",1986,1,-53.2157339237413,-10.6390487673327
"Brazil","BRA",1990,1,-53.2157339237413,-10.6390487673327
"Brazil","BRA",1993,1,-53.2157339237413,-10.6390487673327
"Brazil","BRA",1994,1,-53.2157339237413,-10.6390487673327
"Brazil","BRA",1995,1,-53.2157339237413,-10.6390487673327
"Brazil","BRA",1998,2,-53.2157339237413,-10.6390487673327
"Brazil","BRA",1999,4,-53.2157339237413,-10.6390487673327
"Brazil","BRA",2000,1,-53.2157339237413,-10.6390487673327
"Brazil","BRA",2004,2,-53.2157339237413,-10.6390487673327
"Brazil","BRA",2007,1,-53.2157339237413,-10.6390487673327
"Brazil","BRA",2008,1,-53.2157339237413,-10.6390487673327
"Brazil","BRA",2009,1,-53.2157339237413,-10.6390487673327
"Brazil","BRA",2011,1,-53.2157339237413,-10.6390487673327
"Brazil","BRA",2012,1,-53.2157339237413,-10.6390487673327
"Brazil","BRA",2013,1,-53.2157339237413,-10.6390487673327
"Brazil","BRA",2014,2,-53.2157339237413,-10.6390487673327
"Brazil","BRA",2015,3,-53.2157339237413,-10.6390487673327
"Brazil","BRA",2016,1,-53.2157339237413,-10.6390487673327
"Brazil","BRA",2017,4,-53.2157339237413,-10.6390487673327
"Brazil","BRA",2018,3,-53.2157339237413,-10.6390487673327
"Brazil","BRA",2019,2,-53.2157339237413,-10.6390487673327
"Brazil","BRA",2021,3,-53.2157339237413,-10.6390487673327
"Brazil","BRA",2022,5,-53.2157339237413,-10.6390487673327
"Brazil","BRA",2023,2,-53.2157339237413,-10.6390487673327
"Bulgaria","BGR",2017,1,25.2091326237717,42.7712410497898
"Bulgaria","BGR",2018,1,25.2091326237717,42.7712410497898
"Bulgaria","BGR",2021,1,25.2091326237717,42.7712410497898
"Bulgaria","BGR",2022,1,25.2091326237717,42.7712410497898
"Canada","CAN",1962,1,-96.5486267280135,60.4177669843846
"Canada","CAN",1965,1,-96.5486267280135,60.4177669843846
"Canada","CAN",1969,1,-96.5486267280135,60.4177669843846
"Canada","CAN",1971,1,-96.5486267280135,60.4177669843846
"Canada","CAN",1972,2,-96.5486267280135,60.4177669843846
"Canada","CAN",1973,2,-96.5486267280135,60.4177669843846
"Canada","CAN",1975,1,-96.5486267280135,60.4177669843846
"Canada","CAN",1976,1,-96.5486267280135,60.4177669843846
"Canada","CAN",1978,1,-96.5486267280135,60.4177669843846
"Canada","CAN",1982,2,-96.5486267280135,60.4177669843846
"Canada","CAN",1983,1,-96.5486267280135,60.4177669843846
"Canada","CAN",1984,1,-96.5486267280135,60.4177669843846
"Canada","CAN",1985,1,-96.5486267280135,60.4177669843846
"Canada","CAN",1991,2,-96.5486267280135,60.4177669843846
"Canada","CAN",1992,1,-96.5486267280135,60.4177669843846
"Canada","CAN",1995,1,-96.5486267280135,60.4177669843846
"Canada","CAN",1996,1,-96.5486267280135,60.4177669843846
"Canada","CAN",1999,1,-96.5486267280135,60.4177669843846
"Canada","CAN",2000,1,-96.5486267280135,60.4177669843846
"Canada","CAN",2001,1,-96.5486267280135,60.4177669843846
"Canada","CAN",2002,2,-96.5486267280135,60.4177669843846
"Canada","CAN",2003,3,-96.5486267280135,60.4177669843846
"Canada","CAN",2004,1,-96.5486267280135,60.4177669843846
"Canada","CAN",2005,1,-96.5486267280135,60.4177669843846
"Canada","CAN",2007,2,-96.5486267280135,60.4177669843846
"Canada","CAN",2008,5,-96.5486267280135,60.4177669843846
"Canada","CAN",2009,2,-96.5486267280135,60.4177669843846
"Canada","CAN",2011,2,-96.5486267280135,60.4177669843846
"Canada","CAN",2012,2,-96.5486267280135,60.4177669843846
"Canada","CAN",2013,4,-96.5486267280135,60.4177669843846
"Canada","CAN",2014,4,-96.5486267280135,60.4177669843846
"Canada","CAN",2015,2,-96.5486267280135,60.4177669843846
"Canada","CAN",2016,3,-96.5486267280135,60.4177669843846
"Canada","CAN",2018,5,-96.5486267280135,60.4177669843846
"Canada","CAN",2019,3,-96.5486267280135,60.4177669843846
"Canada","CAN",2020,6,-96.5486267280135,60.4177669843846
"Canada","CAN",2021,11,-96.5486267280135,60.4177669843846
"Canada","CAN",2022,9,-96.5486267280135,60.4177669843846
"Canada","CAN",2023,11,-96.5486267280135,60.4177669843846
"Chile","CHL",1995,1,-71.0561908549587,-36.0762465539059
"Chile","CHL",1998,1,-71.0561908549587,-36.0762465539059
"Chile","CHL",2011,1,-71.0561908549587,-36.0762465539059
"Chile","CHL",2017,1,-71.0561908549587,-36.0762465539059
"Chile","CHL",2022,3,-71.0561908549587,-36.0762465539059
"China","CHN",1970,1,103.378049539793,36.6914066934515
"China","CHN",1971,1,103.378049539793,36.6914066934515
"China","CHN",1974,1,103.378049539793,36.6914066934515
"China","CHN",1975,3,103.378049539793,36.6914066934515
"China","CHN",1976,2,103.378049539793,36.6914066934515
"China","CHN",1978,1,103.378049539793,36.6914066934515
"China","CHN",1981,3,103.378049539793,36.6914066934515
"China","CHN",1982,1,103.378049539793,36.6914066934515
"China","CHN",1983,1,103.378049539793,36.6914066934515
"China","CHN",1984,3,103.378049539793,36.6914066934515
"China","CHN",1985,1,103.378049539793,36.6914066934515
"China","CHN",1986,2,103.378049539793,36.6914066934515
"China","CHN",1987,2,103.378049539793,36.6914066934515
"China","CHN",1988,4,103.378049539793,36.6914066934515
"China","CHN",1990,6,103.378049539793,36.6914066934515
"China","CHN",1991,1,103.378049539793,36.6914066934515
"China","CHN",1992,2,103.378049539793,36.6914066934515
"China","CHN",1993,1,103.378049539793,36.6914066934515
"China","CHN",1994,5,103.378049539793,36.6914066934515
"China","CHN",1995,1,103.378049539793,36.6914066934515
"China","CHN",1996,3,103.378049539793,36.6914066934515
"China","CHN",1997,7,103.378049539793,36.6914066934515
"China","CHN",1998,10,103.378049539793,36.6914066934515
"China","CHN",1999,11,103.378049539793,36.6914066934515
"China","CHN",2000,6,103.378049539793,36.6914066934515
"China","CHN",2001,2,103.378049539793,36.6914066934515
"China","CHN",2002,7,103.378049539793,36.6914066934515
"China","CHN",2003,9,103.378049539793,36.6914066934515
"China","CHN",2004,11,103.378049539793,36.6914066934515
"China","CHN",2005,7,103.378049539793,36.6914066934515
"China","CHN",2006,13,103.378049539793,36.6914066934515
"China","CHN",2007,10,103.378049539793,36.6914066934515
"China","CHN",2008,17,103.378049539793,36.6914066934515
"China","CHN",2009,8,103.378049539793,36.6914066934515
"China","CHN",2010,20,103.378049539793,36.6914066934515
"China","CHN",2011,20,103.378049539793,36.6914066934515
"China","CHN",2012,26,103.378049539793,36.6914066934515
"China","CHN",2013,19,103.378049539793,36.6914066934515
"China","CHN",2014,25,103.378049539793,36.6914066934515
"China","CHN",2015,38,103.378049539793,36.6914066934515
"China","CHN",2016,38,103.378049539793,36.6914066934515
"China","CHN",2017,32,103.378049539793,36.6914066934515
"China","CHN",2018,95,103.378049539793,36.6914066934515
"China","CHN",2019,82,103.378049539793,36.6914066934515
"China","CHN",2020,73,103.378049539793,36.6914066934515
"China","CHN",2021,110,103.378049539793,36.6914066934515
"China","CHN",2022,182,103.378049539793,36.6914066934515
"China","CHN",2023,128,103.378049539793,36.6914066934515
"Colombia","COL",2007,1,-73.0770322657414,3.90348005339009
"Colombia","COL",2018,1,-73.0770322657414,3.90348005339009
"Colombia","COL",2023,1,-73.0770322657414,3.90348005339009
"Costa Rica","CRI",2018,1,-84.1898695331854,9.97613126505505
"Czechia","CZE",1978,1,15.3194407099605,49.7379966812804
"Czechia","CZE",1989,1,15.3194407099605,49.7379966812804
"Czechia","CZE",1991,1,15.3194407099605,49.7379966812804
"Czechia","CZE",1995,1,15.3194407099605,49.7379966812804
"Czechia","CZE",1996,1,15.3194407099605,49.7379966812804
"Czechia","CZE",2003,1,15.3194407099605,49.7379966812804
"Czechia","CZE",2019,1,15.3194407099605,49.7379966812804
"Czechia","CZE",2022,3,15.3194407099605,49.7379966812804
"Czechia","CZE",2023,1,15.3194407099605,49.7379966812804
"Denmark","DNK",1999,1,10.0422117749111,55.9749821709948
"Denmark","DNK",2003,2,10.0422117749111,55.9749821709948
"Denmark","DNK",2008,1,10.0422117749111,55.9749821709948
"Denmark","DNK",2013,2,10.0422117749111,55.9749821709948
"Denmark","DNK",2014,1,10.0422117749111,55.9749821709948
"Denmark","DNK",2015,1,10.0422117749111,55.9749821709948
"Denmark","DNK",2016,1,10.0422117749111,55.9749821709948
"Denmark","DNK",2018,2,10.0422117749111,55.9749821709948
"Denmark","DNK",2019,1,10.0422117749111,55.9749821709948
"Denmark","DNK",2023,2,10.0422117749111,55.9749821709948
"Djibouti","DJI",2023,1,42.5600788798995,11.7483067155297
"Ecuador","ECU",2013,2,-78.7492983194314,-1.42410985165357
"Egypt","EGY",1998,1,29.878269665946,26.4598029034498
"Egypt","EGY",2000,1,29.878269665946,26.4598029034498
"Egypt","EGY",2007,1,29.878269665946,26.4598029034498
"Egypt","EGY",2010,1,29.878269665946,26.4598029034498
"Egypt","EGY",2014,1,29.878269665946,26.4598029034498
"Egypt","EGY",2019,4,29.878269665946,26.4598029034498
"Egypt","EGY",2022,1,29.878269665946,26.4598029034498
"Egypt","EGY",2023,2,29.878269665946,26.4598029034498
"Estonia","EST",2013,1,25.5450328773432,58.6729024249373
"Estonia","EST",2019,1,25.5450328773432,58.6729024249373
"Estonia","EST",2020,1,25.5450328773432,58.6729024249373
"Ethiopia","ETH",2019,1,39.6097922858362,8.61440065046904
"Finland","FIN",2017,1,26.1949730974537,64.2551360000276
"Finland","FIN",2018,4,26.1949730974537,64.2551360000276
"Finland","FIN",2019,2,26.1949730974537,64.2551360000276
"Finland","FIN",2020,2,26.1949730974537,64.2551360000276
"Finland","FIN",2021,8,26.1949730974537,64.2551360000276
"Finland","FIN",2022,4,26.1949730974537,64.2551360000276
"Finland","FIN",2023,7,26.1949730974537,64.2551360000276
"Germany","DEU",1969,1,10.3643715892926,51.050577200392
"Germany","DEU",1970,1,10.3643715892926,51.050577200392
"Germany","DEU",1972,1,10.3643715892926,51.050577200392
"Germany","DEU",1974,4,10.3643715892926,51.050577200392
"Germany","DEU",1975,2,10.3643715892926,51.050577200392
"Germany","DEU",1976,1,10.3643715892926,51.050577200392
"Germany","DEU",1983,2,10.3643715892926,51.050577200392
"Germany","DEU",1984,1,10.3643715892926,51.050577200392
"Germany","DEU",1987,1,10.3643715892926,51.050577200392
"Germany","DEU",1988,1,10.3643715892926,51.050577200392
"Germany","DEU",1989,2,10.3643715892926,51.050577200392
"Germany","DEU",1990,2,10.3643715892926,51.050577200392
"Germany","DEU",1991,1,10.3643715892926,51.050577200392
"Germany","DEU",1992,1,10.3643715892926,51.050577200392
"Germany","DEU",1993,1,10.3643715892926,51.050577200392
"Germany","DEU",1994,3,10.3643715892926,51.050577200392
"Germany","DEU",1995,2,10.3643715892926,51.050577200392
"Germany","DEU",1996,1,10.3643715892926,51.050577200392
"Germany","DEU",1997,2,10.3643715892926,51.050577200392
"Germany","DEU",1998,3,10.3643715892926,51.050577200392
"Germany","DEU",1999,2,10.3643715892926,51.050577200392
"Germany","DEU",2000,3,10.3643715892926,51.050577200392
"Germany","DEU",2001,1,10.3643715892926,51.050577200392
"Germany","DEU",2002,5,10.3643715892926,51.050577200392
"Germany","DEU",2005,1,10.3643715892926,51.050577200392
"Germany","DEU",2006,1,10.3643715892926,51.050577200392
"Germany","DEU",2007,3,10.3643715892926,51.050577200392
"Germany","DEU",2008,9,10.3643715892926,51.050577200392
"Germany","DEU",2009,4,10.3643715892926,51.050577200392
"Germany","DEU",2010,2,10.3643715892926,51.050577200392
"Germany","DEU",2012,1,10.3643715892926,51.050577200392
"Germany","DEU",2013,6,10.3643715892926,51.050577200392
"Germany","DEU",2014,1,10.3643715892926,51.050577200392
"Germany","DEU",2016,2,10.3643715892926,51.050577200392
"Germany","DEU",2017,2,10.3643715892926,51.050577200392
"Germany","DEU",2018,12,10.3643715892926,51.050577200392
"Germany","DEU",2019,11,10.3643715892926,51.050577200392
"Germany","DEU",2020,5,10.3643715892926,51.050577200392
"Germany","DEU",2021,9,10.3643715892926,51.050577200392
"Germany","DEU",2022,5,10.3643715892926,51.050577200392
"Germany","DEU",2023,2,10.3643715892926,51.050577200392
"Ghana","GHA",2017,1,-1.21698964043326,7.94769971258465
"Greece","GRC",2003,1,22.9642854423063,39.0479596036559
"Greece","GRC",2017,1,22.9642854423063,39.0479596036559
"Greece","GRC",2019,1,22.9642854423063,39.0479596036559
"Greece","GRC",2022,2,22.9642854423063,39.0479596036559
"Guatemala","GTM",2020,1,-90.3672121179679,15.6901195768513
"Hungary","HUN",2012,1,19.3792677656756,47.1659125111368
"Hungary","HUN",2019,2,19.3792677656756,47.1659125111368
"Hungary","HUN",2021,2,19.3792677656756,47.1659125111368
"India","IND",1975,1,79.5639109318103,22.7766430396087
"India","IND",1979,1,79.5639109318103,22.7766430396087
"India","IND",1980,1,79.5639109318103,22.7766430396087
"India","IND",1981,3,79.5639109318103,22.7766430396087
"India","IND",1982,2,79.5639109318103,22.7766430396087
"India","IND",1983,2,79.5639109318103,22.7766430396087
"India","IND",1988,3,79.5639109318103,22.7766430396087
"India","IND",1990,2,79.5639109318103,22.7766430396087
"India","IND",1991,1,79.5639109318103,22.7766430396087
"India","IND",1992,2,79.5639109318103,22.7766430396087
"India","IND",1993,1,79.5639109318103,22.7766430396087
"India","IND",1994,2,79.5639109318103,22.7766430396087
"India","IND",1995,2,79.5639109318103,22.7766430396087
"India","IND",1996,1,79.5639109318103,22.7766430396087
"India","IND",1997,2,79.5639109318103,22.7766430396087
"India","IND",1999,2,79.5639109318103,22.7766430396087
"India","IND",2000,1,79.5639109318103,22.7766430396087
"India","IND",2001,2,79.5639109318103,22.7766430396087
"India","IND",2002,2,79.5639109318103,22.7766430396087
"India","IND",2003,4,79.5639109318103,22.7766430396087
"India","IND",2004,1,79.5639109318103,22.7766430396087
"India","IND",2005,3,79.5639109318103,22.7766430396087
"India","IND",2007,5,79.5639109318103,22.7766430396087
"India","IND",2008,4,79.5639109318103,22.7766430396087
"India","IND",2009,4,79.5639109318103,22.7766430396087
"India","IND",2010,2,79.5639109318103,22.7766430396087
"India","IND",2011,7,79.5639109318103,22.7766430396087
"India","IND",2012,2,79.5639109318103,22.7766430396087
"India","IND",2013,5,79.5639109318103,22.7766430396087
"India","IND",2014,4,79.5639109318103,22.7766430396087
"India","IND",2015,4,79.5639109318103,22.7766430396087
"India","IND",2016,12,79.5639109318103,22.7766430396087
"India","IND",2017,9,79.5639109318103,22.7766430396087
"India","IND",2018,10,79.5639109318103,22.7766430396087
"India","IND",2019,10,79.5639109318103,22.7766430396087
"India","IND",2020,3,79.5639109318103,22.7766430396087
"India","IND",2021,5,79.5639109318103,22.7766430396087
"India","IND",2022,11,79.5639109318103,22.7766430396087
"India","IND",2023,6,79.5639109318103,22.7766430396087
"Indonesia","IDN",1976,1,117.179729805139,-2.26406781358278
"Indonesia","IDN",1977,1,117.179729805139,-2.26406781358278
"Indonesia","IDN",1983,1,117.179729805139,-2.26406781358278
"Indonesia","IDN",1984,1,117.179729805139,-2.26406781358278
"Indonesia","IDN",1987,1,117.179729805139,-2.26406781358278
"Indonesia","IDN",1990,1,117.179729805139,-2.26406781358278
"Indonesia","IDN",1992,1,117.179729805139,-2.26406781358278
"Indonesia","IDN",1996,2,117.179729805139,-2.26406781358278
"Indonesia","IDN",1997,1,117.179729805139,-2.26406781358278
"Indonesia","IDN",1999,1,117.179729805139,-2.26406781358278
"Indonesia","IDN",2000,1,117.179729805139,-2.26406781358278
"Indonesia","IDN",2005,1,117.179729805139,-2.26406781358278
"Indonesia","IDN",2007,1,117.179729805139,-2.26406781358278
"Indonesia","IDN",2012,1,117.179729805139,-2.26406781358278
"Indonesia","IDN",2015,1,117.179729805139,-2.26406781358278
"Indonesia","IDN",2016,2,117.179729805139,-2.26406781358278
"Indonesia","IDN",2017,1,117.179729805139,-2.26406781358278
"Indonesia","IDN",2018,1,117.179729805139,-2.26406781358278
"Indonesia","IDN",2019,1,117.179729805139,-2.26406781358278
"Indonesia","IDN",2023,2,117.179729805139,-2.26406781358278
"Iran","IRN",2005,1,54.4408756038135,32.5273359415473
"Iran","IRN",2009,1,54.4408756038135,32.5273359415473
"Iran","IRN",2011,1,54.4408756038135,32.5273359415473
"Iran","IRN",2012,1,54.4408756038135,32.5273359415473
"Iran","IRN",2015,1,54.4408756038135,32.5273359415473
"Iran","IRN",2020,1,54.4408756038135,32.5273359415473
"Iran","IRN",2022,2,54.4408756038135,32.5273359415473
"Iran","IRN",2023,1,54.4408756038135,32.5273359415473
"Ireland","IRL",2023,1,-8.14571833620769,53.162533076479
"Israel","ISR",1988,1,34.9911381968011,31.4329786422529
"Israel","ISR",1990,1,34.9911381968011,31.4329786422529
"Israel","ISR",1995,1,34.9911381968011,31.4329786422529
"Israel","ISR",1996,1,34.9911381968011,31.4329786422529
"Israel","ISR",1998,1,34.9911381968011,31.4329786422529
"Israel","ISR",2000,1,34.9911381968011,31.4329786422529
"Israel","ISR",2002,1,34.9911381968011,31.4329786422529
"Israel","ISR",2003,1,34.9911381968011,31.4329786422529
"Israel","ISR",2006,1,34.9911381968011,31.4329786422529
"Israel","ISR",2007,1,34.9911381968011,31.4329786422529
"Israel","ISR",2008,2,34.9911381968011,31.4329786422529
"Israel","ISR",2010,1,34.9911381968011,31.4329786422529
"Israel","ISR",2011,1,34.9911381968011,31.4329786422529
"Israel","ISR",2013,1,34.9911381968011,31.4329786422529
"Israel","ISR",2014,2,34.9911381968011,31.4329786422529
"Israel","ISR",2016,1,34.9911381968011,31.4329786422529
"Israel","ISR",2017,3,34.9911381968011,31.4329786422529
"Israel","ISR",2019,3,34.9911381968011,31.4329786422529
"Israel","ISR",2020,2,34.9911381968011,31.4329786422529
"Israel","ISR",2021,4,34.9911381968011,31.4329786422529
"Israel","ISR",2022,11,34.9911381968011,31.4329786422529
"Israel","ISR",2023,4,34.9911381968011,31.4329786422529
"Italy","ITA",1964,2,12.2010485047317,42.7156861458039
"Italy","ITA",1967,1,12.2010485047317,42.7156861458039
"Italy","ITA",1971,1,12.2010485047317,42.7156861458039
"Italy","ITA",1974,1,12.2010485047317,42.7156861458039
"Italy","ITA",1977,1,12.2010485047317,42.7156861458039
"Italy","ITA",1988,1,12.2010485047317,42.7156861458039
"Italy","ITA",1991,1,12.2010485047317,42.7156861458039
"Italy","ITA",1992,1,12.2010485047317,42.7156861458039
"Italy","ITA",1993,2,12.2010485047317,42.7156861458039
"Italy","ITA",1996,2,12.2010485047317,42.7156861458039
"Italy","ITA",1999,1,12.2010485047317,42.7156861458039
"Italy","ITA",2000,3,12.2010485047317,42.7156861458039
"Italy","ITA",2001,1,12.2010485047317,42.7156861458039
"Italy","ITA",2002,1,12.2010485047317,42.7156861458039
"Italy","ITA",2004,1,12.2010485047317,42.7156861458039
"Italy","ITA",2007,3,12.2010485047317,42.7156861458039
"Italy","ITA",2008,1,12.2010485047317,42.7156861458039
"Italy","ITA",2009,1,12.2010485047317,42.7156861458039
"Italy","ITA",2010,1,12.2010485047317,42.7156861458039
"Italy","ITA",2011,1,12.2010485047317,42.7156861458039
"Italy","ITA",2012,4,12.2010485047317,42.7156861458039
"Italy","ITA",2013,1,12.2010485047317,42.7156861458039
"Italy","ITA",2014,2,12.2010485047317,42.7156861458039
"Italy","ITA",2015,1,12.2010485047317,42.7156861458039
"Italy","ITA",2016,1,12.2010485047317,42.7156861458039
"Italy","ITA",2017,4,12.2010485047317,42.7156861458039
"Italy","ITA",2018,1,12.2010485047317,42.7156861458039
"Italy","ITA",2019,3,12.2010485047317,42.7156861458039
"Italy","ITA",2020,1,12.2010485047317,42.7156861458039
"Italy","ITA",2021,7,12.2010485047317,42.7156861458039
"Italy","ITA",2022,11,12.2010485047317,42.7156861458039
"Italy","ITA",2023,11,12.2010485047317,42.7156861458039
"Japan","JPN",1970,1,137.660006265981,37.4608804755929
"Japan","JPN",1971,2,137.660006265981,37.4608804755929
"Japan","JPN",1972,1,137.660006265981,37.4608804755929
"Japan","JPN",1974,1,137.660006265981,37.4608804755929
"Japan","JPN",1975,2,137.660006265981,37.4608804755929
"Japan","JPN",1976,1,137.660006265981,37.4608804755929
"Japan","JPN",1977,4,137.660006265981,37.4608804755929
"Japan","JPN",1978,4,137.660006265981,37.4608804755929
"Japan","JPN",1979,2,137.660006265981,37.4608804755929
"Japan","JPN",1980,2,137.660006265981,37.4608804755929
"Japan","JPN",1981,3,137.660006265981,37.4608804755929
"Japan","JPN",1982,1,137.660006265981,37.4608804755929
"Japan","JPN",1983,3,137.660006265981,37.4608804755929
"Japan","JPN",1984,3,137.660006265981,37.4608804755929
"Japan","JPN",1985,2,137.660006265981,37.4608804755929
"Japan","JPN",1986,4,137.660006265981,37.4608804755929
"Japan","JPN",1987,3,137.660006265981,37.4608804755929
"Japan","JPN",1988,2,137.660006265981,37.4608804755929
"Japan","JPN",1989,4,137.660006265981,37.4608804755929
"Japan","JPN",1990,7,137.660006265981,37.4608804755929
"Japan","JPN",1991,2,137.660006265981,37.4608804755929
"Japan","JPN",1992,4,137.660006265981,37.4608804755929
"Japan","JPN",1993,1,137.660006265981,37.4608804755929
"Japan","JPN",1994,4,137.660006265981,37.4608804755929
"Japan","JPN",1995,4,137.660006265981,37.4608804755929
"Japan","JPN",1996,3,137.660006265981,37.4608804755929
"Japan","JPN",1997,7,137.660006265981,37.4608804755929
"Japan","JPN",1998,3,137.660006265981,37.4608804755929
"Japan","JPN",1999,1,137.660006265981,37.4608804755929
"Japan","JPN",2000,3,137.660006265981,37.4608804755929
"Japan","JPN",2001,4,137.660006265981,37.4608804755929
"Japan","JPN",2002,10,137.660006265981,37.4608804755929
"Japan","JPN",2003,7,137.660006265981,37.4608804755929
"Japan","JPN",2004,2,137.660006265981,37.4608804755929
"Japan","JPN",2005,5,137.660006265981,37.4608804755929
"Japan","JPN",2006,11,137.660006265981,37.4608804755929
"Japan","JPN",2007,6,137.660006265981,37.4608804755929
"Japan","JPN",2008,6,137.660006265981,37.4608804755929
"Japan","JPN",2009,12,137.660006265981,37.4608804755929
"Japan","JPN",2010,9,137.660006265981,37.4608804755929
"Japan","JPN",2011,4,137.660006265981,37.4608804755929
"Japan","JPN",2012,9,137.660006265981,37.4608804755929
"Japan","JPN",2013,5,137.660006265981,37.4608804755929
"Japan","JPN",2014,24,137.660006265981,37.4608804755929
"Japan","JPN",2015,4,137.660006265981,37.4608804755929
"Japan","JPN",2016,11,137.660006265981,37.4608804755929
"Japan","JPN",2017,16,137.660006265981,37.4608804755929
"Japan","JPN",2018,19,137.660006265981,37.4608804755929
"Japan","JPN",2019,21,137.660006265981,37.4608804755929
"Japan","JPN",2020,9,137.660006265981,37.4608804755929
"Japan","JPN",2021,24,137.660006265981,37.4608804755929
"Japan","JPN",2022,12,137.660006265981,37.4608804755929
"Japan","JPN",2023,11,137.660006265981,37.4608804755929
"Jordan","JOR",2018,1,36.7576835839012,31.2387026418374
"Kazakhstan","KAZ",2006,1,67.2455026221889,48.361670914496
"Kazakhstan","KAZ",2011,1,67.2455026221889,48.361670914496
"Kazakhstan","KAZ",2014,3,67.2455026221889,48.361670914496
"Kazakhstan","KAZ",2017,1,67.2455026221889,48.361670914496
"Kazakhstan","KAZ",2018,3,67.2455026221889,48.361670914496
"Kenya","KEN",2018,1,37.7962282671581,0.59944883650654
"Kuwait","KWT",2023,1,47.5877796783927,29.3332785751823
"Laos","LAO",2015,1,103.774934403725,18.4874182025194
"Latvia","LVA",2017,1,24.920447008392,56.8595216457842
"Lithuania","LTU",2014,2,23.8970998775749,55.3237700619849
"Lithuania","LTU",2019,2,23.8970998775749,55.3237700619849
"Lithuania","LTU",2020,2,23.8970998775749,55.3237700619849
"Lithuania","LTU",2021,3,23.8970998775749,55.3237700619849
"Lithuania","LTU",2022,1,23.8970998775749,55.3237700619849
"Lithuania","LTU",2023,2,23.8970998775749,55.3237700619849
"Luxembourg","LUX",1988,1,6.07215816476921,49.7667823716717
"Luxembourg","LUX",1991,1,6.07215816476921,49.7667823716717
"Luxembourg","LUX",1993,1,6.07215816476921,49.7667823716717
"Luxembourg","LUX",1994,1,6.07215816476921,49.7667823716717
"Luxembourg","LUX",1995,1,6.07215816476921,49.7667823716717
"Luxembourg","LUX",1996,1,6.07215816476921,49.7667823716717
"Luxembourg","LUX",1997,1,6.07215816476921,49.7667823716717
"Luxembourg","LUX",1998,1,6.07215816476921,49.7667823716717
"Luxembourg","LUX",1999,1,6.07215816476921,49.7667823716717
"Luxembourg","LUX",2000,2,6.07215816476921,49.7667823716717
"Luxembourg","LUX",2001,1,6.07215816476921,49.7667823716717
"Luxembourg","LUX",2002,2,6.07215816476921,49.7667823716717
"Luxembourg","LUX",2006,1,6.07215816476921,49.7667823716717
"Luxembourg","LUX",2007,1,6.07215816476921,49.7667823716717
"Luxembourg","LUX",2008,1,6.07215816476921,49.7667823716717
"Luxembourg","LUX",2010,2,6.07215816476921,49.7667823716717
"Luxembourg","LUX",2011,2,6.07215816476921,49.7667823716717
"Luxembourg","LUX",2012,2,6.07215816476921,49.7667823716717
"Luxembourg","LUX",2013,1,6.07215816476921,49.7667823716717
"Luxembourg","LUX",2014,2,6.07215816476921,49.7667823716717
"Luxembourg","LUX",2018,9,6.07215816476921,49.7667823716717
"Luxembourg","LUX",2019,4,6.07215816476921,49.7667823716717
"Luxembourg","LUX",2020,8,6.07215816476921,49.7667823716717
"Luxembourg","LUX",2021,11,6.07215816476921,49.7667823716717
"Luxembourg","LUX",2022,16,6.07215816476921,49.7667823716717
"Luxembourg","LUX",2023,12,6.07215816476921,49.7667823716717
"Malaysia","MYS",1996,2,109.699342970706,3.81114043306724
"Malaysia","MYS",2000,1,109.699342970706,3.81114043306724
"Malaysia","MYS",2006,1,109.699342970706,3.81114043306724
"Malaysia","MYS",2009,2,109.699342970706,3.81114043306724
"Malaysia","MYS",2014,1,109.699342970706,3.81114043306724
"Malaysia","MYS",2018,2,109.699342970706,3.81114043306724
"Malaysia","MYS",2022,1,109.699342970706,3.81114043306724
"Malaysia","MYS",2023,1,109.699342970706,3.81114043306724
"Mauritius","MUS",2021,1,57.5712646954905,-20.2776195850018
"Mexico","MEX",1985,2,-102.170985323958,23.9241551848632
"Mexico","MEX",1993,1,-102.170985323958,23.9241551848632
"Mexico","MEX",1994,1,-102.170985323958,23.9241551848632
"Mexico","MEX",1996,1,-102.170985323958,23.9241551848632
"Mexico","MEX",1998,1,-102.170985323958,23.9241551848632
"Mexico","MEX",2006,1,-102.170985323958,23.9241551848632
"Mexico","MEX",2011,2,-102.170985323958,23.9241551848632
"Mexico","MEX",2012,1,-102.170985323958,23.9241551848632
"Mexico","MEX",2013,1,-102.170985323958,23.9241551848632
"Mexico","MEX",2015,2,-102.170985323958,23.9241551848632
"Mexico","MEX",2016,1,-102.170985323958,23.9241551848632
"Mexico","MEX",2019,1,-102.170985323958,23.9241551848632
"Mexico","MEX",2020,1,-102.170985323958,23.9241551848632
"Mexico","MEX",2021,2,-102.170985323958,23.9241551848632
"Moldova","MDA",2022,1,28.4656191680335,47.1871728367014
"Monaco","MCO",2020,1,7.40627450663801,43.7527482412119
"Mongolia","MNG",2017,1,103.123972161914,46.9562038905525
"Morocco","MAR",2001,1,-8.72784775206801,29.7668591371827
"Morocco","MAR",2017,1,-8.72784775206801,29.7668591371827
"Morocco","MAR",2018,1,-8.72784775206801,29.7668591371827
"Nepal","NPL",2019,1,83.9468444253475,28.2580425139521
"Netherlands","NLD",1974,1,4.99154833318447,52.2269196009093
"Netherlands","NLD",2008,1,4.99154833318447,52.2269196009093
"Netherlands","NLD",2013,4,4.99154833318447,52.2269196009093
"Netherlands","NLD",2017,1,4.99154833318447,52.2269196009093
"Netherlands","NLD",2018,3,4.99154833318447,52.2269196009093
"Netherlands","NLD",2021,3,4.99154833318447,52.2269196009093
"Netherlands","NLD",2022,1,4.99154833318447,52.2269196009093
"Netherlands","NLD",2023,2,4.99154833318447,52.2269196009093
"New Zealand","NZL",2018,1,172.921343839925,-41.7023337271842
"New Zealand","NZL",2019,1,172.921343839925,-41.7023337271842
"New Zealand","NZL",2020,8,172.921343839925,-41.7023337271842
"New Zealand","NZL",2021,4,172.921343839925,-41.7023337271842
"New Zealand","NZL",2022,12,172.921343839925,-41.7023337271842
"Nigeria","NGA",2003,1,8.07958685423834,9.59094557009618
"Nigeria","NGA",2011,2,8.07958685423834,9.59094557009618
"Nigeria","NGA",2017,1,8.07958685423834,9.59094557009618
"North Korea","PRK",2012,1,127.159122779377,40.1400742728793
"North Korea","PRK",2016,1,127.159122779377,40.1400742728793
"North Korea","PRK",2023,1,127.159122779377,40.1400742728793
"Pakistan","PAK",1990,1,69.1684395527133,29.8839453542285
"Pakistan","PAK",2001,1,69.1684395527133,29.8839453542285
"Pakistan","PAK",2011,1,69.1684395527133,29.8839453542285
"Pakistan","PAK",2013,1,69.1684395527133,29.8839453542285
"Pakistan","PAK",2018,2,69.1684395527133,29.8839453542285
"Papua New Guinea","PNG",2014,1,145.200496713414,-6.46858138976354
"Papua New Guinea","PNG",2015,1,145.200496713414,-6.46858138976354
"Paraguay","PRY",2021,1,-58.443432990285,-23.2089093391522
"Peru","PER",2013,2,-74.420741589475,-9.10714962725944
"Peru","PER",2014,1,-74.420741589475,-9.10714962725944
"Peru","PER",2016,1,-74.420741589475,-9.10714962725944
"Philippines","PHL",1997,1,122.919280077961,11.7293432309907
"Philippines","PHL",2016,1,122.919280077961,11.7293432309907
"Philippines","PHL",2018,2,122.919280077961,11.7293432309907
"Philippines","PHL",2021,3,122.919280077961,11.7293432309907
"Philippines","PHL",2023,2,122.919280077961,11.7293432309907
"Poland","POL",2012,1,19.4197062879029,52.111835612144
"Poland","POL",2013,1,19.4197062879029,52.111835612144
"Poland","POL",2014,1,19.4197062879029,52.111835612144
"Poland","POL",2018,1,19.4197062879029,52.111835612144
"Poland","POL",2019,2,19.4197062879029,52.111835612144
"Poland","POL",2021,2,19.4197062879029,52.111835612144
"Poland","POL",2022,6,19.4197062879029,52.111835612144
"Poland","POL",2023,1,19.4197062879029,52.111835612144
"Portugal","PRT",1993,1,-8.52813028125945,39.6062103081133
"Qatar","QAT",2018,1,51.1846516775888,25.3048623561995
"Romania","ROU",2012,1,24.9831817963969,45.8484139836604
"Russia","RUS",1957,2,95.6413766734593,66.0317219336461
"Russia","RUS",1958,1,95.6413766734593,66.0317219336461
"Russia","RUS",1959,3,95.6413766734593,66.0317219336461
"Russia","RUS",1960,3,95.6413766734593,66.0317219336461
"Russia","RUS",1961,7,95.6413766734593,66.0317219336461
"Russia","RUS",1962,20,95.6413766734593,66.0317219336461
"Russia","RUS",1963,17,95.6413766734593,66.0317219336461
"Russia","RUS",1964,35,95.6413766734593,66.0317219336461
"Russia","RUS",1965,64,95.6413766734593,66.0317219336461
"Russia","RUS",1966,44,95.6413766734593,66.0317219336461
"Russia","RUS",1967,66,95.6413766734593,66.0317219336461
"Russia","RUS",1968,74,95.6413766734593,66.0317219336461
"Russia","RUS",1969,70,95.6413766734593,66.0317219336461
"Russia","RUS",1970,88,95.6413766734593,66.0317219336461
"Russia","RUS",1971,98,95.6413766734593,66.0317219336461
"Russia","RUS",1972,88,95.6413766734593,66.0317219336461
"Russia","RUS",1973,109,95.6413766734593,66.0317219336461
"Russia","RUS",1974,95,95.6413766734593,66.0317219336461
"Russia","RUS",1975,111,95.6413766734593,66.0317219336461
"Russia","RUS",1976,121,95.6413766734593,66.0317219336461
"Russia","RUS",1977,104,95.6413766734593,66.0317219336461
"Russia","RUS",1978,119,95.6413766734593,66.0317219336461
"Russia","RUS",1979,101,95.6413766734593,66.0317219336461
"Russia","RUS",1980,110,95.6413766734593,66.0317219336461
"Russia","RUS",1981,124,95.6413766734593,66.0317219336461
"Russia","RUS",1982,119,95.6413766734593,66.0317219336461
"Russia","RUS",1983,116,95.6413766734593,66.0317219336461
"Russia","RUS",1984,115,95.6413766734593,66.0317219336461
"Russia","RUS",1985,119,95.6413766734593,66.0317219336461
"Russia","RUS",1986,114,95.6413766734593,66.0317219336461
"Russia","RUS",1987,116,95.6413766734593,66.0317219336461
"Russia","RUS",1988,109,95.6413766734593,66.0317219336461
"Russia","RUS",1989,99,95.6413766734593,66.0317219336461
"Russia","RUS",1990,96,95.6413766734593,66.0317219336461
"Russia","RUS",1991,83,95.6413766734593,66.0317219336461
"Russia","RUS",1992,78,95.6413766734593,66.0317219336461
"Russia","RUS",1993,59,95.6413766734593,66.0317219336461
"Russia","RUS",1994,64,95.6413766734593,66.0317219336461
"Russia","RUS",1995,36,95.6413766734593,66.0317219336461
"Russia","RUS",1996,28,95.6413766734593,66.0317219336461
"Russia","RUS",1997,28,95.6413766734593,66.0317219336461
"Russia","RUS",1998,27,95.6413766734593,66.0317219336461
"Russia","RUS",1999,15,95.6413766734593,66.0317219336461
"Russia","RUS",2000,23,95.6413766734593,66.0317219336461
"Russia","RUS",2001,30,95.6413766734593,66.0317219336461
"Russia","RUS",2002,19,95.6413766734593,66.0317219336461
"Russia","RUS",2003,22,95.6413766734593,66.0317219336461
"Russia","RUS",2004,19,95.6413766734593,66.0317219336461
"Russia","RUS",2005,19,95.6413766734593,66.0317219336461
"Russia","RUS",2006,16,95.6413766734593,66.0317219336461
"Russia","RUS",2007,18,95.6413766734593,66.0317219336461
"Russia","RUS",2008,21,95.6413766734593,66.0317219336461
"Russia","RUS",2009,30,95.6413766734593,66.0317219336461
"Russia","RUS",2010,24,95.6413766734593,66.0317219336461
"Russia","RUS",2011,24,95.6413766734593,66.0317219336461
"Russia","RUS",2012,23,95.6413766734593,66.0317219336461
"Russia","RUS",2013,29,95.6413766734593,66.0317219336461
"Russia","RUS",2014,35,95.6413766734593,66.0317219336461
"Russia","RUS",2015,27,95.6413766734593,66.0317219336461
"Russia","RUS",2016,14,95.6413766734593,66.0317219336461
"Russia","RUS",2017,25,95.6413766734593,66.0317219336461
"Russia","RUS",2018,23,95.6413766734593,66.0317219336461
"Russia","RUS",2019,30,95.6413766734593,66.0317219336461
"Russia","RUS",2020,24,95.6413766734593,66.0317219336461
"Russia","RUS",2021,21,95.6413766734593,66.0317219336461
"Russia","RUS",2022,50,95.6413766734593,66.0317219336461
"Russia","RUS",2023,62,95.6413766734593,66.0317219336461
"Rwanda","RWA",2021,1,29.9199828803488,-1.99032494977323
"Rwanda","RWA",2023,3,29.9199828803488,-1.99032494977323
"Saudi Arabia","SAU",2000,2,44.6631748052912,24.0865579850414
"Saudi Arabia","SAU",2002,1,44.6631748052912,24.0865579850414
"Saudi Arabia","SAU",2004,3,44.6631748052912,24.0865579850414
"Saudi Arabia","SAU",2007,6,44.6631748052912,24.0865579850414
"Saudi Arabia","SAU",2014,1,44.6631748052912,24.0865579850414
"Saudi Arabia","SAU",2018,2,44.6631748052912,24.0865579850414
"Saudi Arabia","SAU",2021,2,44.6631748052912,24.0865579850414
"Singapore","SGP",1998,1,103.817255835084,1.35876224004016
"Singapore","SGP",2011,2,103.817255835084,1.35876224004016
"Singapore","SGP",2013,1,103.817255835084,1.35876224004016
"Singapore","SGP",2014,2,103.817255835084,1.35876224004016
"Singapore","SGP",2015,6,103.817255835084,1.35876224004016
"Singapore","SGP",2019,1,103.817255835084,1.35876224004016
"Singapore","SGP",2022,4,103.817255835084,1.35876224004016
"Singapore","SGP",2023,7,103.817255835084,1.35876224004016
"Slovakia","SVK",2017,1,19.4689717742126,48.7112808109013
"Slovakia","SVK",2021,1,19.4689717742126,48.7112808109013
"Slovenia","SVN",2020,2,14.8005232614883,46.1158904765914
"Slovenia","SVN",2022,1,14.8005232614883,46.1158904765914
"South Africa","ZAF",1999,1,25.1934382241476,-28.9742085144411
"South Africa","ZAF",2009,1,25.1934382241476,-28.9742085144411
"South Africa","ZAF",2013,1,25.1934382241476,-28.9742085144411
"South Africa","ZAF",2014,1,25.1934382241476,-28.9742085144411
"South Africa","ZAF",2018,1,25.1934382241476,-28.9742085144411
"South Africa","ZAF",2022,3,25.1934382241476,-28.9742085144411
"South Africa","ZAF",2023,1,25.1934382241476,-28.9742085144411
"South Korea","KOR",1992,1,127.834771148163,36.3733672273297
"South Korea","KOR",1993,1,127.834771148163,36.3733672273297
"South Korea","KOR",1995,1,127.834771148163,36.3733672273297
"South Korea","KOR",1996,1,127.834771148163,36.3733672273297
"South Korea","KOR",1999,3,127.834771148163,36.3733672273297
"South Korea","KOR",2003,1,127.834771148163,36.3733672273297
"South Korea","KOR",2004,1,127.834771148163,36.3733672273297
"South Korea","KOR",2006,2,127.834771148163,36.3733672273297
"South Korea","KOR",2010,2,127.834771148163,36.3733672273297
"South Korea","KOR",2012,1,127.834771148163,36.3733672273297
"South Korea","KOR",2013,6,127.834771148163,36.3733672273297
"South Korea","KOR",2015,1,127.834771148163,36.3733672273297
"South Korea","KOR",2017,5,127.834771148163,36.3733672273297
"South Korea","KOR",2018,11,127.834771148163,36.3733672273297
"South Korea","KOR",2020,2,127.834771148163,36.3733672273297
"South Korea","KOR",2021,4,127.834771148163,36.3733672273297
"South Korea","KOR",2022,8,127.834771148163,36.3733672273297
"South Korea","KOR",2023,11,127.834771148163,36.3733672273297
"Spain","ESP",1974,1,-3.70353625253203,40.2076539840155
"Spain","ESP",1992,1,-3.70353625253203,40.2076539840155
"Spain","ESP",1993,1,-3.70353625253203,40.2076539840155
"Spain","ESP",1995,1,-3.70353625253203,40.2076539840155
"Spain","ESP",1997,1,-3.70353625253203,40.2076539840155
"Spain","ESP",2000,1,-3.70353625253203,40.2076539840155
"Spain","ESP",2002,1,-3.70353625253203,40.2076539840155
"Spain","ESP",2004,1,-3.70353625253203,40.2076539840155
"Spain","ESP",2006,1,-3.70353625253203,40.2076539840155
"Spain","ESP",2009,2,-3.70353625253203,40.2076539840155
"Spain","ESP",2010,1,-3.70353625253203,40.2076539840155
"Spain","ESP",2012,1,-3.70353625253203,40.2076539840155
"Spain","ESP",2013,2,-3.70353625253203,40.2076539840155
"Spain","ESP",2014,1,-3.70353625253203,40.2076539840155
"Spain","ESP",2016,1,-3.70353625253203,40.2076539840155
"Spain","ESP",2017,1,-3.70353625253203,40.2076539840155
"Spain","ESP",2018,5,-3.70353625253203,40.2076539840155
"Spain","ESP",2019,2,-3.70353625253203,40.2076539840155
"Spain","ESP",2020,3,-3.70353625253203,40.2076539840155
"Spain","ESP",2021,1,-3.70353625253203,40.2076539840155
"Spain","ESP",2022,19,-3.70353625253203,40.2076539840155
"Spain","ESP",2023,5,-3.70353625253203,40.2076539840155
"Sri Lanka","LKA",2019,1,80.7016320185892,7.61103818451618
"Sweden","SWE",1986,1,16.266950180562,62.383656074243
"Sweden","SWE",1989,3,16.266950180562,62.383656074243
"Sweden","SWE",1992,1,16.266950180562,62.383656074243
"Sweden","SWE",1995,1,16.266950180562,62.383656074243
"Sweden","SWE",1997,1,16.266950180562,62.383656074243
"Sweden","SWE",1998,2,16.266950180562,62.383656074243
"Sweden","SWE",2000,2,16.266950180562,62.383656074243
"Sweden","SWE",2001,1,16.266950180562,62.383656074243
"Sweden","SWE",2007,1,16.266950180562,62.383656074243
"Sweden","SWE",2010,2,16.266950180562,62.383656074243
"Sweden","SWE",2012,2,16.266950180562,62.383656074243
"Sweden","SWE",2017,1,16.266950180562,62.383656074243
"Sweden","SWE",2019,1,16.266950180562,62.383656074243
"Sweden","SWE",2022,1,16.266950180562,62.383656074243
"Switzerland","CHE",2009,1,8.20628199812412,46.7988964271968
"Switzerland","CHE",2010,1,8.20628199812412,46.7988964271968
"Switzerland","CHE",2018,1,8.20628199812412,46.7988964271968
"Switzerland","CHE",2019,1,8.20628199812412,46.7988964271968
"Switzerland","CHE",2020,1,8.20628199812412,46.7988964271968
"Switzerland","CHE",2021,10,8.20628199812412,46.7988964271968
"Switzerland","CHE",2022,4,8.20628199812412,46.7988964271968
"Taiwan","TWN",1999,1,120.951465590186,23.7502042082941
"Taiwan","TWN",2004,1,120.951465590186,23.7502042082941
"Taiwan","TWN",2006,6,120.951465590186,23.7502042082941
"Taiwan","TWN",2017,1,120.951465590186,23.7502042082941
"Taiwan","TWN",2019,6,120.951465590186,23.7502042082941
"Taiwan","TWN",2021,2,120.951465590186,23.7502042082941
"Taiwan","TWN",2022,2,120.951465590186,23.7502042082941
"Taiwan","TWN",2023,2,120.951465590186,23.7502042082941
"Thailand","THA",1993,1,101.000648498299,15.0825849519536
"Thailand","THA",1994,1,101.000648498299,15.0825849519536
"Thailand","THA",1997,1,101.000648498299,15.0825849519536
"Thailand","THA",1998,1,101.000648498299,15.0825849519536
"Thailand","THA",2005,1,101.000648498299,15.0825849519536
"Thailand","THA",2006,1,101.000648498299,15.0825849519536
"Thailand","THA",2008,1,101.000648498299,15.0825849519536
"Thailand","THA",2014,1,101.000648498299,15.0825849519536
"Thailand","THA",2016,1,101.000648498299,15.0825849519536
"Thailand","THA",2018,1,101.000648498299,15.0825849519536
"Thailand","THA",2019,1,101.000648498299,15.0825849519536
"Thailand","THA",2020,1,101.000648498299,15.0825849519536
"Thailand","THA",2021,2,101.000648498299,15.0825849519536
"Thailand","THA",2023,1,101.000648498299,15.0825849519536
"Tunisia","TUN",2021,1,9.55612880162237,34.0889554864525
"Turkey","TUR",1994,1,35.1728012164006,39.137013310438
"Turkey","TUR",1996,1,35.1728012164006,39.137013310438
"Turkey","TUR",2001,1,35.1728012164006,39.137013310438
"Turkey","TUR",2003,1,35.1728012164006,39.137013310438
"Turkey","TUR",2008,1,35.1728012164006,39.137013310438
"Turkey","TUR",2009,1,35.1728012164006,39.137013310438
"Turkey","TUR",2011,1,35.1728012164006,39.137013310438
"Turkey","TUR",2012,1,35.1728012164006,39.137013310438
"Turkey","TUR",2013,1,35.1728012164006,39.137013310438
"Turkey","TUR",2014,1,35.1728012164006,39.137013310438
"Turkey","TUR",2015,1,35.1728012164006,39.137013310438
"Turkey","TUR",2016,1,35.1728012164006,39.137013310438
"Turkey","TUR",2018,1,35.1728012164006,39.137013310438
"Turkey","TUR",2021,3,35.1728012164006,39.137013310438
"Turkey","TUR",2022,2,35.1728012164006,39.137013310438
"Turkey","TUR",2023,4,35.1728012164006,39.137013310438
"Turkmenistan","TKM",2015,1,59.4464223598809,39.1254707099274
"Uganda","UGA",2022,1,32.3686653695696,1.27423154739338
"Ukraine","UKR",1995,1,31.3155838484354,49.1956082317395
"Ukraine","UKR",2004,2,31.3155838484354,49.1956082317395
"Ukraine","UKR",2010,1,31.3155838484354,49.1956082317395
"Ukraine","UKR",2011,2,31.3155838484354,49.1956082317395
"Ukraine","UKR",2013,1,31.3155838484354,49.1956082317395
"Ukraine","UKR",2014,1,31.3155838484354,49.1956082317395
"Ukraine","UKR",2022,1,31.3155838484354,49.1956082317395
"Ukraine","UKR",2023,1,31.3155838484354,49.1956082317395
"United Arab Emirates","ARE",2000,1,54.2926697735691,23.905320327121
"United Arab Emirates","ARE",2003,1,54.2926697735691,23.905320327121
"United Arab Emirates","ARE",2008,1,54.2926697735691,23.905320327121
"United Arab Emirates","ARE",2009,1,54.2926697735691,23.905320327121
"United Arab Emirates","ARE",2011,1,54.2926697735691,23.905320327121
"United Arab Emirates","ARE",2012,1,54.2926697735691,23.905320327121
"United Arab Emirates","ARE",2013,1,54.2926697735691,23.905320327121
"United Arab Emirates","ARE",2017,1,54.2926697735691,23.905320327121
"United Arab Emirates","ARE",2018,1,54.2926697735691,23.905320327121
"United Arab Emirates","ARE",2019,1,54.2926697735691,23.905320327121
"United Arab Emirates","ARE",2020,3,54.2926697735691,23.905320327121
"United Arab Emirates","ARE",2021,4,54.2926697735691,23.905320327121
"United Arab Emirates","ARE",2022,3,54.2926697735691,23.905320327121
"United Arab Emirates","ARE",2023,2,54.2926697735691,23.905320327121
"United Kingdom","GBR",1962,1,-2.75814205633043,54.0116497461288
"United Kingdom","GBR",1964,1,-2.75814205633043,54.0116497461288
"United Kingdom","GBR",1967,1,-2.75814205633043,54.0116497461288
"United Kingdom","GBR",1969,2,-2.75814205633043,54.0116497461288
"United Kingdom","GBR",1970,1,-2.75814205633043,54.0116497461288
"United Kingdom","GBR",1971,2,-2.75814205633043,54.0116497461288
"United Kingdom","GBR",1974,4,-2.75814205633043,54.0116497461288
"United Kingdom","GBR",1979,2,-2.75814205633043,54.0116497461288
"United Kingdom","GBR",1981,2,-2.75814205633043,54.0116497461288
"United Kingdom","GBR",1984,2,-2.75814205633043,54.0116497461288
"United Kingdom","GBR",1988,1,-2.75814205633043,54.0116497461288
"United Kingdom","GBR",1989,2,-2.75814205633043,54.0116497461288
"United Kingdom","GBR",1990,5,-2.75814205633043,54.0116497461288
"United Kingdom","GBR",1991,1,-2.75814205633043,54.0116497461288
"United Kingdom","GBR",1994,2,-2.75814205633043,54.0116497461288
"United Kingdom","GBR",1998,1,-2.75814205633043,54.0116497461288
"United Kingdom","GBR",1999,2,-2.75814205633043,54.0116497461288
"United Kingdom","GBR",2000,4,-2.75814205633043,54.0116497461288
"United Kingdom","GBR",2001,1,-2.75814205633043,54.0116497461288
"United Kingdom","GBR",2003,1,-2.75814205633043,54.0116497461288
"United Kingdom","GBR",2005,3,-2.75814205633043,54.0116497461288
"United Kingdom","GBR",2007,2,-2.75814205633043,54.0116497461288
"United Kingdom","GBR",2008,3,-2.75814205633043,54.0116497461288
"United Kingdom","GBR",2009,3,-2.75814205633043,54.0116497461288
"United Kingdom","GBR",2010,3,-2.75814205633043,54.0116497461288
"United Kingdom","GBR",2011,2,-2.75814205633043,54.0116497461288
"United Kingdom","GBR",2012,4,-2.75814205633043,54.0116497461288
"United Kingdom","GBR",2013,7,-2.75814205633043,54.0116497461288
"United Kingdom","GBR",2014,10,-2.75814205633043,54.0116497461288
"United Kingdom","GBR",2015,7,-2.75814205633043,54.0116497461288
"United Kingdom","GBR",2016,1,-2.75814205633043,54.0116497461288
"United Kingdom","GBR",2017,7,-2.75814205633043,54.0116497461288
"United Kingdom","GBR",2018,12,-2.75814205633043,54.0116497461288
"United Kingdom","GBR",2019,14,-2.75814205633043,54.0116497461288
"United Kingdom","GBR",2020,104,-2.75814205633043,54.0116497461288
"United Kingdom","GBR",2021,289,-2.75814205633043,54.0116497461288
"United Kingdom","GBR",2022,112,-2.75814205633043,54.0116497461288
"United Kingdom","GBR",2023,144,-2.75814205633043,54.0116497461288
"United States","USA",1958,7,-103.629562809744,44.7437315908213
"United States","USA",1959,11,-103.629562809744,44.7437315908213
"United States","USA",1960,17,-103.629562809744,44.7437315908213
"United States","USA",1961,31,-103.629562809744,44.7437315908213
"United States","USA",1962,55,-103.629562809744,44.7437315908213
"United States","USA",1963,54,-103.629562809744,44.7437315908213
"United States","USA",1964,71,-103.629562809744,44.7437315908213
"United States","USA",1965,96,-103.629562809744,44.7437315908213
"United States","USA",1966,99,-103.629562809744,44.7437315908213
"United States","USA",1967,85,-103.629562809744,44.7437315908213
"United States","USA",1968,61,-103.629562809744,44.7437315908213
"United States","USA",1969,62,-103.629562809744,44.7437315908213
"United States","USA",1970,31,-103.629562809744,44.7437315908213
"United States","USA",1971,46,-103.629562809744,44.7437315908213
"United States","USA",1972,37,-103.629562809744,44.7437315908213
"United States","USA",1973,28,-103.629562809744,44.7437315908213
"United States","USA",1974,19,-103.629562809744,44.7437315908213
"United States","USA",1975,30,-103.629562809744,44.7437315908213
"United States","USA",1976,26,-103.629562809744,44.7437315908213
"United States","USA",1977,24,-103.629562809744,44.7437315908213
"United States","USA",1978,35,-103.629562809744,44.7437315908213
"United States","USA",1979,19,-103.629562809744,44.7437315908213
"United States","USA",1980,16,-103.629562809744,44.7437315908213
"United States","USA",1981,20,-103.629562809744,44.7437315908213
"United States","USA",1982,20,-103.629562809744,44.7437315908213
"United States","USA",1983,25,-103.629562809744,44.7437315908213
"United States","USA",1984,31,-103.629562809744,44.7437315908213
"United States","USA",1985,30,-103.629562809744,44.7437315908213
"United States","USA",1986,11,-103.629562809744,44.7437315908213
"United States","USA",1987,10,-103.629562809744,44.7437315908213
"United States","USA",1988,19,-103.629562809744,44.7437315908213
"United States","USA",1989,25,-103.629562809744,44.7437315908213
"United States","USA",1990,40,-103.629562809744,44.7437315908213
"United States","USA",1991,30,-103.629562809744,44.7437315908213
"United States","USA",1992,28,-103.629562809744,44.7437315908213
"United States","USA",1993,31,-103.629562809744,44.7437315908213
"United States","USA",1994,35,-103.629562809744,44.7437315908213
"United States","USA",1995,40,-103.629562809744,44.7437315908213
"United States","USA",1996,41,-103.629562809744,44.7437315908213
"United States","USA",1997,88,-103.629562809744,44.7437315908213
"United States","USA",1998,91,-103.629562809744,44.7437315908213
"United States","USA",1999,80,-103.629562809744,44.7437315908213
"United States","USA",2000,56,-103.629562809744,44.7437315908213
"United States","USA",2001,34,-103.629562809744,44.7437315908213
"United States","USA",2002,33,-103.629562809744,44.7437315908213
"United States","USA",2003,28,-103.629562809744,44.7437315908213
"United States","USA",2004,21,-103.629562809744,44.7437315908213
"United States","USA",2005,21,-103.629562809744,44.7437315908213
"United States","USA",2006,36,-103.629562809744,44.7437315908213
"United States","USA",2007,46,-103.629562809744,44.7437315908213
"United States","USA",2008,24,-103.629562809744,44.7437315908213
"United States","USA",2009,38,-103.629562809744,44.7437315908213
"United States","USA",2010,35,-103.629562809744,44.7437315908213
"United States","USA",2011,29,-103.629562809744,44.7437315908213
"United States","USA",2012,33,-103.629562809744,44.7437315908213
"United States","USA",2013,80,-103.629562809744,44.7437315908213
"United States","USA",2014,95,-103.629562809744,44.7437315908213
"United States","USA",2015,104,-103.629562809744,44.7437315908213
"United States","USA",2016,105,-103.629562809744,44.7437315908213
"United States","USA",2017,286,-103.629562809744,44.7437315908213
"United States","USA",2018,190,-103.629562809744,44.7437315908213
"United States","USA",2019,362,-103.629562809744,44.7437315908213
"United States","USA",2020,984,-103.629562809744,44.7437315908213
"United States","USA",2021,1232,-103.629562809744,44.7437315908213
"United States","USA",2022,1939,-103.629562809744,44.7437315908213
"United States","USA",2023,2166,-103.629562809744,44.7437315908213
"Uruguay","URY",2014,1,-56.0252057376117,-32.791340912445
"Uruguay","URY",2016,2,-56.0252057376117,-32.791340912445
"Uruguay","URY",2017,1,-56.0252057376117,-32.791340912445
"Uruguay","URY",2018,2,-56.0252057376117,-32.791340912445
"Uruguay","URY",2020,13,-56.0252057376117,-32.791340912445
"Uruguay","URY",2021,4,-56.0252057376117,-32.791340912445
"Uruguay","URY",2022,9,-56.0252057376117,-32.791340912445
"Uruguay","URY",2023,8,-56.0252057376117,-32.791340912445
"Venezuela","VEN",2008,2,-66.1705444132272,7.1222740774703
"Venezuela","VEN",2012,1,-66.1705444132272,7.1222740774703
"Venezuela","VEN",2017,1,-66.1705444132272,7.1222740774703
"Vietnam","VNM",2008,1,106.34650781488,16.5442975147679
"Vietnam","VNM",2012,2,106.34650781488,16.5442975147679
"Vietnam","VNM",2013,2,106.34650781488,16.5442975147679
"Vietnam","VNM",2019,1,106.34650781488,16.5442975147679
"Zimbabwe","ZWE",2022,1,29.8510133796762,-18.9970468090672
